编号,时间,文章标题,文章地址,文章简介
1,2017年4月11日,Python程序员技能表—446家知名企业的Py招聘信息,http://mp.weixin.qq.com/s?timestamp=1492137749&src=3&ver=1&signature=bUqXXJVpLbQ8N4Z7drmfgxpWvv8fLCHkZtG3-VMWxh4oVvDs1lEVSobloj4P8uhiCL-h7OR*CUJfRvo6jL72u1DzYX8AbYJInWpiijCpt04r-DlcyS98-yvsnbmNKEyYZ7yWSKf0c-Uvw5vUb94C2qN7SU4kQhJ1Othln52rtv8=,如今python编程语言在国内越来越火了，学习python的人也开始多了起来，今天我就来分享一下，我了解到的从各大知名企业招聘信息中的python程序员职业技能表！
2,2017年4月10日,Python项目实战教程：Web与爬虫开发-（全自动更新数据）下,http://mp.weixin.qq.com/s?timestamp=1492137749&src=3&ver=1&signature=bUqXXJVpLbQ8N4Z7drmfgxpWvv8fLCHkZtG3-VMWxh4oVvDs1lEVSobloj4P8uhiCL-h7OR*CUJfRvo6jL72u31-2j*MRidIgoWUUxPUl*-zyEf6cd957zYTUj91yaZIo5r*-PaAfQeuvWHdCX2BEsA-RYRTxCkOPx7Pak1lWT4=,又是新的一周、新的开始
3,2017年4月8日,python框架教程：scrapy框架之xpath语法,http://mp.weixin.qq.com/s?timestamp=1492137749&src=3&ver=1&signature=bUqXXJVpLbQ8N4Z7drmfgxpWvv8fLCHkZtG3-VMWxh4oVvDs1lEVSobloj4P8uhiCL-h7OR*CUJfRvo6jL72u-qiyurVapAOoRSB*ctFxVZOfdO5citWz314*whqab*UqwgPwu8DapqjeMf9EQN2i94sCI4ap-fEq9C52g0liOo=,不定时更新这种精讲视频、记得随时关注哦
4,2017年4月6日,框架-flaskの开发,http://mp.weixin.qq.com/s?timestamp=1492137749&src=3&ver=1&signature=bUqXXJVpLbQ8N4Z7drmfgxpWvv8fLCHkZtG3-VMWxh4oVvDs1lEVSobloj4P8uhiCL-h7OR*CUJfRvo6jL72u97qowGRJ6HMDO6OCiNWmjke*cJNbP5zxmuGvwPwHrbBnOqJ2V1ca1KORDdiY4RsWoyfeK8mupRx6LSumS4hrs8=,"flask是一款非常流行的Python Web框架，出生于2010年，作者是Armin Ronacher,本来这个项目只是作者在愚人节的一个玩笑，后来由于非常受欢迎，进而成为一个正式的项目。目前为止最新的版本是0.11.1。"
5,2017年4月5日,Python项目实战教程：Web与爬虫开发(全自动更新数据),http://mp.weixin.qq.com/s?timestamp=1492137749&src=3&ver=1&signature=bUqXXJVpLbQ8N4Z7drmfgxpWvv8fLCHkZtG3-VMWxh4oVvDs1lEVSobloj4P8uhiCL-h7OR*CUJfRvo6jL72uxllg1Cz89HTI1*saMnJw6o-Tyw4lMPhstoa9Q7wsAJCkSvKDXfp0PL2HGrvzfD5kUG3-pneTZd*aMwdiKUQTEI=,值得一看哦
6,2017年4月2日,系列:Python扩展模块(2),http://mp.weixin.qq.com/s?timestamp=1492137749&src=3&ver=1&signature=bUqXXJVpLbQ8N4Z7drmfgxpWvv8fLCHkZtG3-VMWxh4oVvDs1lEVSobloj4P8uhiCL-h7OR*CUJfRvo6jL72uyV5W5GNnGwqVrd*ROmlXgwF2pF70JCr5PTVySvirwct9dN7pFeiGWqrLqpPA8BQDpgaaPQdBFGUBdlLMBY2J24=,"ctypes（二）— 基本函数调用
上一次提到了，ctypes的兼容层，这次我们直接讲利用兼容层调用函数的相关规则。"
7,2017年4月1日,愚人节快乐！今天你被愚了吗？系列:Python扩展模块(1),http://mp.weixin.qq.com/s?timestamp=1492137749&src=3&ver=1&signature=bUqXXJVpLbQ8N4Z7drmfgxpWvv8fLCHkZtG3-VMWxh4oVvDs1lEVSobloj4P8uhiCL-h7OR*CUJfRvo6jL72u*sQ0DdC9M8C7bvwolsxZwnBknJv8FfPUNdVQ9AgpUwwACcLgB2hIf-7Gq0O6Fvh769azZPeEuyO*m73F-NE5qs=,"ctypes（一） — 初识
很多初学Python的新手，总是嘴边挂着一句话：“Python是一门胶水语言”。"
8,2017年3月30日,这是Python连接器吗？不晓得,http://mp.weixin.qq.com/s?timestamp=1492137749&src=3&ver=1&signature=bUqXXJVpLbQ8N4Z7drmfgxpWvv8fLCHkZtG3-VMWxh4oVvDs1lEVSobloj4P8uhiCL-h7OR*CUJfRvo6jL72uyoNvkGN2WFbyZXr7AqpP0NyYMOHrQ7Zcr1SA8lb13FHoOvKIVBYA3qNMtJT*nLtMgcUUcZpWr3LC4*-GCzrfa4=,"什么是连接器？
连接器是编程语言（我们特指Python）连接数据库的一个中间层，通常以第三方包的形式发布。因此，如果我们要使用Python来操作数据库，那我们必须安装相应的连接器。"
9,2017年3月23日,python项目实战教程：高德API+Python解决租房-下集,http://mp.weixin.qq.com/s?timestamp=1492137749&src=3&ver=1&signature=bUqXXJVpLbQ8N4Z7drmfgxpWvv8fLCHkZtG3-VMWxh4oVvDs1lEVSobloj4P8uhiCL-h7OR*CUJfRvo6jL72uxpErs8PZuq7*zNDNRAuIsiVN0VdEEn8RKbRZYhR6SApm5w5ajrtS3lddpP8Vll0babroh-G6zCOobrU9hEaRaU=,国足1:0韩国
10,2017年3月16日,Python爬取网站时防封杀秘诀,http://mp.weixin.qq.com/s?timestamp=1492137749&src=3&ver=1&signature=bUqXXJVpLbQ8N4Z7drmfgxpWvv8fLCHkZtG3-VMWxh4oVvDs1lEVSobloj4P8uhiCL-h7OR*CUJfRvo6jL72u7j8x0yrd516zdEQwZzMxZTGmSWTocJ1mpFqVGCPRTK-TTBiByUycGB8JEM79BQa1Cp9ffa21OKDdZzerMTvDpI=,我们在爬取的时候都会遇到ip被封和403错误之类的，这都是当前网站检测出你是爬虫而开启反爬措施，以下给大家带来一些经验。
